Caixa 1|626207|Sed aliquam ultrices mauris.|fluxograma1|alguma empresa
Caixa 7 com texto insanamente longo|328938|Proin faucibus arcu quis ante.|fluxograma1|algum local
Caixa 2|242697|Proin faucibus arcu quis ante.|fluxograma1|algum local
Caixa 1|459747|Duis arcu tortor, suscipit eget, imperdiet nec, imperdiet iaculis, ipsum.|fluxograma2|algum local
Caixa 3|657369|Duis arcu tortor, suscipit eget, imperdiet nec, imperdiet iaculis, ipsum.|fluxograma2|algum local
Caixa 2|581454|Proin faucibus arcu quis ante.|fluxograma1|alguma empresa
Caixa 1|83810|Duis arcu tortor, suscipit eget, imperdiet nec, imperdiet iaculis, ipsum.|fluxograma1|alguma empresa
Caixa 2|137908|Duis arcu tortor, suscipit eget, imperdiet nec, imperdiet iaculis, ipsum.|fluxograma1|algum local
Caixa 2|740002|Sed aliquam ultrices mauris.|fluxograma1|alguma empresa
Caixa 4|125370|Sed aliquam ultrices mauris.|fluxograma2|alguma empresa
Caixa 2|508328|Sed aliquam ultrices mauris.|fluxograma1|algum local
Caixa 5|858946|Duis arcu tortor, suscipit eget, imperdiet nec, imperdiet iaculis, ipsum.|fluxograma1|algum local
Caixa 1|527573|Proin faucibus arcu quis ante.|fluxograma2|algum local
Caixa 4|25696|Sed aliquam ultrices mauris.|fluxograma2|algum local
Caixa 2|663591|Sed aliquam ultrices mauris.|fluxograma2|alguma empresa
Caixa 2|692785|Duis arcu tortor, suscipit eget, imperdiet nec, imperdiet iaculis, ipsum.|fluxograma2|alguma empresa
Caixa 7 com texto insanamente longo|115779|Duis arcu tortor, suscipit eget, imperdiet nec, imperdiet iaculis, ipsum.|fluxograma1|algum local
Caixa 3 caixa caixa caixa caixa|288239|Sed aliquam ultrices mauris.|fluxograma1|alguma empresa
Caixa 7 com texto insanamente longo|872892|Sed aliquam ultrices mauris.|fluxograma1|algum local
Caixa 4|578120|Duis arcu tortor, suscipit eget, imperdiet nec, imperdiet iaculis, ipsum.|fluxograma2|algum local
Caixa 5|158360|Sed aliquam ultrices mauris.|fluxograma1|alguma empresa
Caixa 1|752912|Proin faucibus arcu quis ante.|fluxograma1|alguma empresa
Caixa 3 caixa caixa caixa caixa|465466|Duis arcu tortor, suscipit eget, imperdiet nec, imperdiet iaculis, ipsum.|fluxograma1|alguma empresa
Caixa 2|266749|Duis arcu tortor, suscipit eget, imperdiet nec, imperdiet iaculis, ipsum.|fluxograma2|alguma empresa
Caixa 1|657878|Duis arcu tortor, suscipit eget, imperdiet nec, imperdiet iaculis, ipsum.|fluxograma1|algum local
Caixa 3 caixa caixa caixa caixa|756010|Proin faucibus arcu quis ante.|fluxograma1|alguma empresa
Caixa 2|325629|Sed aliquam ultrices mauris.|fluxograma1|alguma empresa
Caixa 3 caixa caixa caixa caixa|807127|Sed aliquam ultrices mauris.|fluxograma1|algum local
Caixa 2|609083|Duis arcu tortor, suscipit eget, imperdiet nec, imperdiet iaculis, ipsum.|fluxograma1|alguma empresa
Caixa 1|619223|Proin faucibus arcu quis ante.|fluxograma1|alguma empresa
Caixa 3 caixa caixa caixa caixa|257435|Duis arcu tortor, suscipit eget, imperdiet nec, imperdiet iaculis, ipsum.|fluxograma1|algum local
Caixa 1|927911|Sed aliquam ultrices mauris.|fluxograma1|algum local
Caixa 1|181733|Sed aliquam ultrices mauris.|fluxograma1|algum local
Caixa 4|942819|Duis arcu tortor, suscipit eget, imperdiet nec, imperdiet iaculis, ipsum.|fluxograma2|algum local
Caixa 1|460316|Duis arcu tortor, suscipit eget, imperdiet nec, imperdiet iaculis, ipsum.|fluxograma2|algum local
Caixa 5|360408|Proin faucibus arcu quis ante.|fluxograma1|algum local
Caixa 4|252822|Duis arcu tortor, suscipit eget, imperdiet nec, imperdiet iaculis, ipsum.|fluxograma2|alguma empresa
Caixa 4|316625|Duis arcu tortor, suscipit eget, imperdiet nec, imperdiet iaculis, ipsum.|fluxograma2|algum local
Caixa 4|519124|Sed aliquam ultrices mauris.|fluxograma2|algum local
Caixa 2|868084|Proin faucibus arcu quis ante.|fluxograma2|algum local
Caixa 3|290716|Duis arcu tortor, suscipit eget, imperdiet nec, imperdiet iaculis, ipsum.|fluxograma2|algum local
Caixa 4|915033|Sed aliquam ultrices mauris.|fluxograma2|algum local
Caixa 3|470870|Sed aliquam ultrices mauris.|fluxograma2|alguma empresa
Caixa 3 caixa caixa caixa caixa|589403|Duis arcu tortor, suscipit eget, imperdiet nec, imperdiet iaculis, ipsum.|fluxograma1|algum local
Caixa 7 com texto insanamente longo|222320|Proin faucibus arcu quis ante.|fluxograma1|alguma empresa
Caixa 2|645466|Sed aliquam ultrices mauris.|fluxograma2|alguma empresa
Caixa 1|159407|Proin faucibus arcu quis ante.|fluxograma2|algum local
Caixa 3|516106|Sed aliquam ultrices mauris.|fluxograma2|alguma empresa
Caixa 3 caixa caixa caixa caixa|205208|Duis arcu tortor, suscipit eget, imperdiet nec, imperdiet iaculis, ipsum.|fluxograma1|alguma empresa
Caixa 4|37786|Duis arcu tortor, suscipit eget, imperdiet nec, imperdiet iaculis, ipsum.|fluxograma2|algum local
Caixa 1|819277|Duis arcu tortor, suscipit eget, imperdiet nec, imperdiet iaculis, ipsum.|fluxograma1|algum local
Caixa 2|855725|Proin faucibus arcu quis ante.|fluxograma2|algum local
Caixa 1|459453|Duis arcu tortor, suscipit eget, imperdiet nec, imperdiet iaculis, ipsum.|fluxograma2|algum local
Caixa 3|892489|Proin faucibus arcu quis ante.|fluxograma2|algum local
Caixa 2|299109|Duis arcu tortor, suscipit eget, imperdiet nec, imperdiet iaculis, ipsum.|fluxograma2|alguma empresa
Caixa 1|383765|Duis arcu tortor, suscipit eget, imperdiet nec, imperdiet iaculis, ipsum.|fluxograma2|alguma empresa
Caixa 3|809972|Sed aliquam ultrices mauris.|fluxograma2|algum local
Caixa 3 caixa caixa caixa caixa|323147|Sed aliquam ultrices mauris.|fluxograma1|algum local
Caixa 2|409682|Proin faucibus arcu quis ante.|fluxograma2|algum local
Caixa 2|216396|Sed aliquam ultrices mauris.|fluxograma2|alguma empresa
Caixa 5|614201|Proin faucibus arcu quis ante.|fluxograma1|algum local
Caixa 3 caixa caixa caixa caixa|660162|Proin faucibus arcu quis ante.|fluxograma1|algum local
Caixa 2|688094|Duis arcu tortor, suscipit eget, imperdiet nec, imperdiet iaculis, ipsum.|fluxograma1|alguma empresa
Caixa 5|336694|Proin faucibus arcu quis ante.|fluxograma1|algum local
Caixa 7 com texto insanamente longo|23635|Sed aliquam ultrices mauris.|fluxograma1|alguma empresa
Caixa 1|746496|Proin faucibus arcu quis ante.|fluxograma2|algum local
Caixa 4|369782|Duis arcu tortor, suscipit eget, imperdiet nec, imperdiet iaculis, ipsum.|fluxograma2|alguma empresa
Caixa 3 caixa caixa caixa caixa|450573|Proin faucibus arcu quis ante.|fluxograma1|alguma empresa
Caixa 3|776865|Proin faucibus arcu quis ante.|fluxograma2|alguma empresa
Caixa 4|151832|Proin faucibus arcu quis ante.|fluxograma2|alguma empresa
Caixa 4|908398|Sed aliquam ultrices mauris.|fluxograma2|alguma empresa
Caixa 2|673781|Sed aliquam ultrices mauris.|fluxograma2|algum local
Caixa 3 caixa caixa caixa caixa|985990|Duis arcu tortor, suscipit eget, imperdiet nec, imperdiet iaculis, ipsum.|fluxograma1|alguma empresa
Caixa 2|203909|Proin faucibus arcu quis ante.|fluxograma1|algum local
Caixa 1|940718|Sed aliquam ultrices mauris.|fluxograma2|algum local
Caixa 3 caixa caixa caixa caixa|900388|Duis arcu tortor, suscipit eget, imperdiet nec, imperdiet iaculis, ipsum.|fluxograma1|algum local
Caixa 3 caixa caixa caixa caixa|235234|Duis arcu tortor, suscipit eget, imperdiet nec, imperdiet iaculis, ipsum.|fluxograma1|alguma empresa
Caixa 7 com texto insanamente longo|140119|Sed aliquam ultrices mauris.|fluxograma1|algum local
Caixa 3 caixa caixa caixa caixa|508199|Sed aliquam ultrices mauris.|fluxograma1|algum local
Caixa 7 com texto insanamente longo|926909|Proin faucibus arcu quis ante.|fluxograma1|alguma empresa
Caixa 1|414879|Duis arcu tortor, suscipit eget, imperdiet nec, imperdiet iaculis, ipsum.|fluxograma2|alguma empresa
Caixa 3 caixa caixa caixa caixa|387794|Sed aliquam ultrices mauris.|fluxograma1|algum local
Caixa 5|223512|Sed aliquam ultrices mauris.|fluxograma1|algum local
Caixa 2|728516|Duis arcu tortor, suscipit eget, imperdiet nec, imperdiet iaculis, ipsum.|fluxograma1|algum local
Caixa 1|265774|Duis arcu tortor, suscipit eget, imperdiet nec, imperdiet iaculis, ipsum.|fluxograma1|alguma empresa
Caixa 7 com texto insanamente longo|487828|Proin faucibus arcu quis ante.|fluxograma1|alguma empresa
Caixa 2|30465|Proin faucibus arcu quis ante.|fluxograma1|algum local
Caixa 1|798470|Duis arcu tortor, suscipit eget, imperdiet nec, imperdiet iaculis, ipsum.|fluxograma2|algum local
Caixa 7 com texto insanamente longo|378222|Proin faucibus arcu quis ante.|fluxograma1|algum local
Caixa 2|955660|Duis arcu tortor, suscipit eget, imperdiet nec, imperdiet iaculis, ipsum.|fluxograma2|algum local
Caixa 4|337017|Duis arcu tortor, suscipit eget, imperdiet nec, imperdiet iaculis, ipsum.|fluxograma2|algum local
Caixa 1|920350|Sed aliquam ultrices mauris.|fluxograma1|alguma empresa
Caixa 3 caixa caixa caixa caixa|567987|Sed aliquam ultrices mauris.|fluxograma1|alguma empresa
Caixa 4|840627|Duis arcu tortor, suscipit eget, imperdiet nec, imperdiet iaculis, ipsum.|fluxograma2|alguma empresa
Caixa 3|609982|Proin faucibus arcu quis ante.|fluxograma2|algum local
Caixa 1|253693|Proin faucibus arcu quis ante.|fluxograma1|alguma empresa
Caixa 5|911347|Sed aliquam ultrices mauris.|fluxograma1|alguma empresa
Caixa 7 com texto insanamente longo|839958|Duis arcu tortor, suscipit eget, imperdiet nec, imperdiet iaculis, ipsum.|fluxograma1|alguma empresa
Caixa 1|815315|Proin faucibus arcu quis ante.|fluxograma2|algum local
Caixa 3|130388|Sed aliquam ultrices mauris.|fluxograma2|alguma empresa
Caixa 5|569823|Sed aliquam ultrices mauris.|fluxograma1|algum local
Caixa 2|17327|Sed aliquam ultrices mauris.|fluxograma1|alguma empresa
Caixa 1|444292|Duis arcu tortor, suscipit eget, imperdiet nec, imperdiet iaculis, ipsum.|fluxograma2|alguma empresa
Caixa 2|385195|Proin faucibus arcu quis ante.|fluxograma2|algum local
Caixa 1|660926|Proin faucibus arcu quis ante.|fluxograma2|alguma empresa
Caixa 2|162403|Duis arcu tortor, suscipit eget, imperdiet nec, imperdiet iaculis, ipsum.|fluxograma1|alguma empresa
Caixa 2|487321|Proin faucibus arcu quis ante.|fluxograma1|algum local
Caixa 5|489810|Sed aliquam ultrices mauris.|fluxograma1|alguma empresa
Caixa 1|867818|Sed aliquam ultrices mauris.|fluxograma2|algum local
Caixa 2|255989|Sed aliquam ultrices mauris.|fluxograma1|alguma empresa
Caixa 4|373814|Duis arcu tortor, suscipit eget, imperdiet nec, imperdiet iaculis, ipsum.|fluxograma2|algum local
Caixa 5|391980|Duis arcu tortor, suscipit eget, imperdiet nec, imperdiet iaculis, ipsum.|fluxograma1|alguma empresa
Caixa 2|46245|Proin faucibus arcu quis ante.|fluxograma1|algum local
Caixa 7 com texto insanamente longo|986987|Proin faucibus arcu quis ante.|fluxograma1|alguma empresa
Caixa 1|463394|Proin faucibus arcu quis ante.|fluxograma2|algum local
Caixa 1|379848|Sed aliquam ultrices mauris.|fluxograma1|alguma empresa
Caixa 2|756130|Duis arcu tortor, suscipit eget, imperdiet nec, imperdiet iaculis, ipsum.|fluxograma1|algum local
Caixa 2|262671|Duis arcu tortor, suscipit eget, imperdiet nec, imperdiet iaculis, ipsum.|fluxograma1|alguma empresa
Caixa 5|444965|Duis arcu tortor, suscipit eget, imperdiet nec, imperdiet iaculis, ipsum.|fluxograma1|alguma empresa
Caixa 1|811083|Sed aliquam ultrices mauris.|fluxograma2|alguma empresa
Caixa 7 com texto insanamente longo|764767|Proin faucibus arcu quis ante.|fluxograma1|alguma empresa
Caixa 1|278632|Proin faucibus arcu quis ante.|fluxograma1|algum local
Caixa 2|655231|Duis arcu tortor, suscipit eget, imperdiet nec, imperdiet iaculis, ipsum.|fluxograma2|alguma empresa
Caixa 3|756202|Proin faucibus arcu quis ante.|fluxograma2|algum local
Caixa 7 com texto insanamente longo|788564|Sed aliquam ultrices mauris.|fluxograma1|algum local
Caixa 3 caixa caixa caixa caixa|145591|Sed aliquam ultrices mauris.|fluxograma1|alguma empresa
Caixa 4|40072|Duis arcu tortor, suscipit eget, imperdiet nec, imperdiet iaculis, ipsum.|fluxograma2|alguma empresa
Caixa 3 caixa caixa caixa caixa|384544|Duis arcu tortor, suscipit eget, imperdiet nec, imperdiet iaculis, ipsum.|fluxograma1|algum local
Caixa 1|526978|Sed aliquam ultrices mauris.|fluxograma2|alguma empresa
Caixa 2|282164|Sed aliquam ultrices mauris.|fluxograma1|algum local
Caixa 2|758492|Proin faucibus arcu quis ante.|fluxograma2|algum local
Caixa 4|13513|Proin faucibus arcu quis ante.|fluxograma2|algum local
Caixa 5|660172|Proin faucibus arcu quis ante.|fluxograma1|algum local
Caixa 1|835204|Proin faucibus arcu quis ante.|fluxograma2|algum local
Caixa 2|223610|Proin faucibus arcu quis ante.|fluxograma1|alguma empresa
Caixa 2|916526|Duis arcu tortor, suscipit eget, imperdiet nec, imperdiet iaculis, ipsum.|fluxograma2|algum local
Caixa 4|286259|Duis arcu tortor, suscipit eget, imperdiet nec, imperdiet iaculis, ipsum.|fluxograma2|algum local
Caixa 5|104872|Proin faucibus arcu quis ante.|fluxograma1|algum local
Caixa 3|841269|Sed aliquam ultrices mauris.|fluxograma2|alguma empresa
Caixa 3|334372|Proin faucibus arcu quis ante.|fluxograma2|algum local
Caixa 4|851251|Duis arcu tortor, suscipit eget, imperdiet nec, imperdiet iaculis, ipsum.|fluxograma2|alguma empresa
Caixa 3|279221|Duis arcu tortor, suscipit eget, imperdiet nec, imperdiet iaculis, ipsum.|fluxograma2|algum local
Caixa 5|200680|Proin faucibus arcu quis ante.|fluxograma1|alguma empresa
Caixa 3 caixa caixa caixa caixa|337454|Proin faucibus arcu quis ante.|fluxograma1|algum local
Caixa 2|136668|Proin faucibus arcu quis ante.|fluxograma2|algum local
Caixa 3 caixa caixa caixa caixa|518078|Proin faucibus arcu quis ante.|fluxograma1|alguma empresa
Caixa 4|810452|Proin faucibus arcu quis ante.|fluxograma2|alguma empresa
Caixa 4|818725|Duis arcu tortor, suscipit eget, imperdiet nec, imperdiet iaculis, ipsum.|fluxograma2|alguma empresa
Caixa 7 com texto insanamente longo|880108|Sed aliquam ultrices mauris.|fluxograma1|alguma empresa
Caixa 3 caixa caixa caixa caixa|573376|Duis arcu tortor, suscipit eget, imperdiet nec, imperdiet iaculis, ipsum.|fluxograma1|algum local
Caixa 4|396007|Proin faucibus arcu quis ante.|fluxograma2|alguma empresa
Caixa 4|156233|Duis arcu tortor, suscipit eget, imperdiet nec, imperdiet iaculis, ipsum.|fluxograma2|alguma empresa
Caixa 4|954194|Sed aliquam ultrices mauris.|fluxograma2|algum local
Caixa 2|890151|Sed aliquam ultrices mauris.|fluxograma1|alguma empresa
Caixa 3|639583|Proin faucibus arcu quis ante.|fluxograma2|alguma empresa
Caixa 1|454874|Sed aliquam ultrices mauris.|fluxograma1|algum local
Caixa 5|744238|Duis arcu tortor, suscipit eget, imperdiet nec, imperdiet iaculis, ipsum.|fluxograma1|alguma empresa
Caixa 2|317234|Duis arcu tortor, suscipit eget, imperdiet nec, imperdiet iaculis, ipsum.|fluxograma1|algum local
Caixa 1|873919|Proin faucibus arcu quis ante.|fluxograma2|alguma empresa
Caixa 2|350160|Duis arcu tortor, suscipit eget, imperdiet nec, imperdiet iaculis, ipsum.|fluxograma1|alguma empresa
Caixa 1|360953|Sed aliquam ultrices mauris.|fluxograma2|alguma empresa
Caixa 4|415199|Proin faucibus arcu quis ante.|fluxograma2|alguma empresa
Caixa 2|477700|Duis arcu tortor, suscipit eget, imperdiet nec, imperdiet iaculis, ipsum.|fluxograma2|algum local
Caixa 1|720945|Proin faucibus arcu quis ante.|fluxograma1|algum local
Caixa 2|508635|Sed aliquam ultrices mauris.|fluxograma1|algum local
Caixa 2|53136|Proin faucibus arcu quis ante.|fluxograma2|alguma empresa
Caixa 1|476503|Proin faucibus arcu quis ante.|fluxograma2|alguma empresa
Caixa 2|532534|Sed aliquam ultrices mauris.|fluxograma1|alguma empresa
Caixa 2|567058|Proin faucibus arcu quis ante.|fluxograma2|algum local
Caixa 2|722701|Duis arcu tortor, suscipit eget, imperdiet nec, imperdiet iaculis, ipsum.|fluxograma2|alguma empresa
Caixa 3 caixa caixa caixa caixa|760052|Duis arcu tortor, suscipit eget, imperdiet nec, imperdiet iaculis, ipsum.|fluxograma1|algum local
Caixa 1|870285|Proin faucibus arcu quis ante.|fluxograma2|algum local
Caixa 7 com texto insanamente longo|866745|Sed aliquam ultrices mauris.|fluxograma1|alguma empresa
Caixa 7 com texto insanamente longo|250772|Proin faucibus arcu quis ante.|fluxograma1|algum local
Caixa 3 caixa caixa caixa caixa|32058|Proin faucibus arcu quis ante.|fluxograma1|algum local
Caixa 7 com texto insanamente longo|781558|Sed aliquam ultrices mauris.|fluxograma1|algum local
Caixa 5|580558|Duis arcu tortor, suscipit eget, imperdiet nec, imperdiet iaculis, ipsum.|fluxograma1|algum local
Caixa 5|948913|Proin faucibus arcu quis ante.|fluxograma1|algum local
Caixa 5|294283|Duis arcu tortor, suscipit eget, imperdiet nec, imperdiet iaculis, ipsum.|fluxograma1|algum local
Caixa 1|468326|Duis arcu tortor, suscipit eget, imperdiet nec, imperdiet iaculis, ipsum.|fluxograma2|alguma empresa
Caixa 3 caixa caixa caixa caixa|471691|Proin faucibus arcu quis ante.|fluxograma1|alguma empresa
Caixa 3 caixa caixa caixa caixa|784079|Duis arcu tortor, suscipit eget, imperdiet nec, imperdiet iaculis, ipsum.|fluxograma1|algum local
Caixa 2|855489|Duis arcu tortor, suscipit eget, imperdiet nec, imperdiet iaculis, ipsum.|fluxograma2|alguma empresa
Caixa 1|157305|Sed aliquam ultrices mauris.|fluxograma2|algum local
Caixa 1|729499|Sed aliquam ultrices mauris.|fluxograma1|alguma empresa
Caixa 4|747790|Sed aliquam ultrices mauris.|fluxograma2|algum local
Caixa 3 caixa caixa caixa caixa|915730|Duis arcu tortor, suscipit eget, imperdiet nec, imperdiet iaculis, ipsum.|fluxograma1|algum local
Caixa 1|435118|Proin faucibus arcu quis ante.|fluxograma1|alguma empresa
Caixa 4|14581|Proin faucibus arcu quis ante.|fluxograma2|alguma empresa
Caixa 3 caixa caixa caixa caixa|967892|Proin faucibus arcu quis ante.|fluxograma1|alguma empresa
Caixa 2|436248|Duis arcu tortor, suscipit eget, imperdiet nec, imperdiet iaculis, ipsum.|fluxograma1|alguma empresa
Caixa 4|21583|Duis arcu tortor, suscipit eget, imperdiet nec, imperdiet iaculis, ipsum.|fluxograma2|algum local
Caixa 5|421321|Proin faucibus arcu quis ante.|fluxograma1|algum local
Caixa 2|760026|Sed aliquam ultrices mauris.|fluxograma2|algum local
Caixa 2|100699|Sed aliquam ultrices mauris.|fluxograma2|algum local
Caixa 1|138435|Duis arcu tortor, suscipit eget, imperdiet nec, imperdiet iaculis, ipsum.|fluxograma2|algum local
Caixa 1|414814|Sed aliquam ultrices mauris.|fluxograma2|alguma empresa
Caixa 3|734886|Sed aliquam ultrices mauris.|fluxograma2|algum local
Caixa 2|864490|Proin faucibus arcu quis ante.|fluxograma1|alguma empresa
Caixa 1|432215|Proin faucibus arcu quis ante.|fluxograma2|alguma empresa
Caixa 2|995959|Sed aliquam ultrices mauris.|fluxograma2|algum local
Caixa 4|371346|Sed aliquam ultrices mauris.|fluxograma2|algum local
Caixa 5|448302|Proin faucibus arcu quis ante.|fluxograma1|algum local
Caixa 1|22566|Proin faucibus arcu quis ante.|fluxograma1|algum local
Caixa 1|57707|Proin faucibus arcu quis ante.|fluxograma2|algum local
Caixa 1|361285|Sed aliquam ultrices mauris.|fluxograma1|alguma empresa
Caixa 2|257028|Sed aliquam ultrices mauris.|fluxograma2|alguma empresa
Caixa 4|98618|Duis arcu tortor, suscipit eget, imperdiet nec, imperdiet iaculis, ipsum.|fluxograma2|alguma empresa
Caixa 4|296828|Duis arcu tortor, suscipit eget, imperdiet nec, imperdiet iaculis, ipsum.|fluxograma2|algum local
Caixa 2|792483|Duis arcu tortor, suscipit eget, imperdiet nec, imperdiet iaculis, ipsum.|fluxograma1|alguma empresa
Caixa 2|737218|Proin faucibus arcu quis ante.|fluxograma2|algum local
Caixa 2|275025|Proin faucibus arcu quis ante.|fluxograma2|alguma empresa
Caixa 2|252823|Proin faucibus arcu quis ante.|fluxograma1|alguma empresa
Caixa 3|952564|Proin faucibus arcu quis ante.|fluxograma2|algum local
Caixa 2|901181|Duis arcu tortor, suscipit eget, imperdiet nec, imperdiet iaculis, ipsum.|fluxograma2|alguma empresa
Caixa 3 caixa caixa caixa caixa|405044|Sed aliquam ultrices mauris.|fluxograma1|alguma empresa
Caixa 3|507747|Duis arcu tortor, suscipit eget, imperdiet nec, imperdiet iaculis, ipsum.|fluxograma2|algum local
Caixa 2|897196|Sed aliquam ultrices mauris.|fluxograma1|algum local
Caixa 3|158488|Duis arcu tortor, suscipit eget, imperdiet nec, imperdiet iaculis, ipsum.|fluxograma2|algum local
Caixa 3|34651|Sed aliquam ultrices mauris.|fluxograma2|alguma empresa
Caixa 5|62674|Proin faucibus arcu quis ante.|fluxograma1|algum local
Caixa 5|506713|Duis arcu tortor, suscipit eget, imperdiet nec, imperdiet iaculis, ipsum.|fluxograma1|algum local
Caixa 2|280779|Sed aliquam ultrices mauris.|fluxograma2|algum local
Caixa 3 caixa caixa caixa caixa|894734|Proin faucibus arcu quis ante.|fluxograma1|alguma empresa
Caixa 2|653578|Duis arcu tortor, suscipit eget, imperdiet nec, imperdiet iaculis, ipsum.|fluxograma1|alguma empresa
Caixa 3 caixa caixa caixa caixa|571053|Duis arcu tortor, suscipit eget, imperdiet nec, imperdiet iaculis, ipsum.|fluxograma1|algum local
Caixa 5|338257|Proin faucibus arcu quis ante.|fluxograma1|algum local
Caixa 3|890852|Duis arcu tortor, suscipit eget, imperdiet nec, imperdiet iaculis, ipsum.|fluxograma2|algum local
Caixa 1|260893|Sed aliquam ultrices mauris.|fluxograma1|alguma empresa
Caixa 3 caixa caixa caixa caixa|940593|Sed aliquam ultrices mauris.|fluxograma1|alguma empresa
Caixa 1|473477|Duis arcu tortor, suscipit eget, imperdiet nec, imperdiet iaculis, ipsum.|fluxograma1|alguma empresa
Caixa 2|285054|Duis arcu tortor, suscipit eget, imperdiet nec, imperdiet iaculis, ipsum.|fluxograma2|algum local
Caixa 1|70831|Duis arcu tortor, suscipit eget, imperdiet nec, imperdiet iaculis, ipsum.|fluxograma2|alguma empresa
Caixa 1|448252|Proin faucibus arcu quis ante.|fluxograma2|algum local
Caixa 1|610668|Duis arcu tortor, suscipit eget, imperdiet nec, imperdiet iaculis, ipsum.|fluxograma1|algum local
Caixa 2|866243|Proin faucibus arcu quis ante.|fluxograma2|alguma empresa
Caixa 5|490309|Sed aliquam ultrices mauris.|fluxograma1|alguma empresa
Caixa 7 com texto insanamente longo|40625|Duis arcu tortor, suscipit eget, imperdiet nec, imperdiet iaculis, ipsum.|fluxograma1|alguma empresa
Caixa 3 caixa caixa caixa caixa|3561|Sed aliquam ultrices mauris.|fluxograma1|algum local
Caixa 3 caixa caixa caixa caixa|294147|Sed aliquam ultrices mauris.|fluxograma1|algum local
Caixa 3|32675|Proin faucibus arcu quis ante.|fluxograma2|alguma empresa
Caixa 7 com texto insanamente longo|416599|Duis arcu tortor, suscipit eget, imperdiet nec, imperdiet iaculis, ipsum.|fluxograma1|alguma empresa
Caixa 3 caixa caixa caixa caixa|887554|Proin faucibus arcu quis ante.|fluxograma1|alguma empresa
Caixa 1|234420|Duis arcu tortor, suscipit eget, imperdiet nec, imperdiet iaculis, ipsum.|fluxograma2|algum local
Caixa 1|863495|Sed aliquam ultrices mauris.|fluxograma1|alguma empresa
Caixa 3 caixa caixa caixa caixa|317144|Sed aliquam ultrices mauris.|fluxograma1|alguma empresa
Caixa 4|499846|Sed aliquam ultrices mauris.|fluxograma2|alguma empresa
Caixa 3 caixa caixa caixa caixa|834943|Duis arcu tortor, suscipit eget, imperdiet nec, imperdiet iaculis, ipsum.|fluxograma1|algum local
Caixa 2|671336|Duis arcu tortor, suscipit eget, imperdiet nec, imperdiet iaculis, ipsum.|fluxograma1|alguma empresa
Caixa 2|562457|Proin faucibus arcu quis ante.|fluxograma1|algum local
Caixa 1|517826|Sed aliquam ultrices mauris.|fluxograma1|algum local
Caixa 7 com texto insanamente longo|971936|Proin faucibus arcu quis ante.|fluxograma1|algum local
Caixa 1|581650|Proin faucibus arcu quis ante.|fluxograma2|alguma empresa
Caixa 7 com texto insanamente longo|414498|Sed aliquam ultrices mauris.|fluxograma1|alguma empresa
Caixa 5|586434|Proin faucibus arcu quis ante.|fluxograma1|alguma empresa
Caixa 3 caixa caixa caixa caixa|696154|Duis arcu tortor, suscipit eget, imperdiet nec, imperdiet iaculis, ipsum.|fluxograma1|alguma empresa
Caixa 3|144049|Proin faucibus arcu quis ante.|fluxograma2|algum local
Caixa 7 com texto insanamente longo|724415|Proin faucibus arcu quis ante.|fluxograma1|alguma empresa
Caixa 4|674830|Sed aliquam ultrices mauris.|fluxograma2|alguma empresa
Caixa 2|546488|Proin faucibus arcu quis ante.|fluxograma1|alguma empresa
Caixa 5|921527|Proin faucibus arcu quis ante.|fluxograma1|alguma empresa
Caixa 2|806438|Duis arcu tortor, suscipit eget, imperdiet nec, imperdiet iaculis, ipsum.|fluxograma2|algum local
Caixa 1|324335|Proin faucibus arcu quis ante.|fluxograma2|alguma empresa
Caixa 3 caixa caixa caixa caixa|200683|Proin faucibus arcu quis ante.|fluxograma1|alguma empresa
Caixa 1|50626|Duis arcu tortor, suscipit eget, imperdiet nec, imperdiet iaculis, ipsum.|fluxograma2|alguma empresa
Caixa 7 com texto insanamente longo|624363|Sed aliquam ultrices mauris.|fluxograma1|algum local
Caixa 2|910387|Sed aliquam ultrices mauris.|fluxograma2|alguma empresa
Caixa 7 com texto insanamente longo|806823|Proin faucibus arcu quis ante.|fluxograma1|alguma empresa
Caixa 2|479584|Proin faucibus arcu quis ante.|fluxograma2|algum local
Caixa 5|600785|Duis arcu tortor, suscipit eget, imperdiet nec, imperdiet iaculis, ipsum.|fluxograma1|algum local
Caixa 3 caixa caixa caixa caixa|316204|Duis arcu tortor, suscipit eget, imperdiet nec, imperdiet iaculis, ipsum.|fluxograma1|alguma empresa
Caixa 1|760974|Duis arcu tortor, suscipit eget, imperdiet nec, imperdiet iaculis, ipsum.|fluxograma2|alguma empresa
Caixa 2|839032|Sed aliquam ultrices mauris.|fluxograma1|algum local
Caixa 3|244433|Sed aliquam ultrices mauris.|fluxograma2|algum local
Caixa 2|364895|Sed aliquam ultrices mauris.|fluxograma2|alguma empresa
Caixa 1|311608|Duis arcu tortor, suscipit eget, imperdiet nec, imperdiet iaculis, ipsum.|fluxograma2|alguma empresa
Caixa 4|172572|Duis arcu tortor, suscipit eget, imperdiet nec, imperdiet iaculis, ipsum.|fluxograma2|alguma empresa
Caixa 1|469398|Proin faucibus arcu quis ante.|fluxograma2|alguma empresa
Caixa 3|916324|Sed aliquam ultrices mauris.|fluxograma2|algum local
Caixa 3|567351|Sed aliquam ultrices mauris.|fluxograma2|algum local
Caixa 3 caixa caixa caixa caixa|75925|Sed aliquam ultrices mauris.|fluxograma1|alguma empresa
Caixa 1|851547|Duis arcu tortor, suscipit eget, imperdiet nec, imperdiet iaculis, ipsum.|fluxograma1|alguma empresa
Caixa 2|326768|Duis arcu tortor, suscipit eget, imperdiet nec, imperdiet iaculis, ipsum.|fluxograma2|algum local
Caixa 2|747291|Duis arcu tortor, suscipit eget, imperdiet nec, imperdiet iaculis, ipsum.|fluxograma1|alguma empresa
Caixa 5|834737|Proin faucibus arcu quis ante.|fluxograma1|alguma empresa
Caixa 7 com texto insanamente longo|984886|Sed aliquam ultrices mauris.|fluxograma1|alguma empresa
Caixa 2|811542|Duis arcu tortor, suscipit eget, imperdiet nec, imperdiet iaculis, ipsum.|fluxograma1|alguma empresa
Caixa 2|296132|Duis arcu tortor, suscipit eget, imperdiet nec, imperdiet iaculis, ipsum.|fluxograma1|alguma empresa
Caixa 2|529863|Proin faucibus arcu quis ante.|fluxograma1|alguma empresa
Caixa 3|822371|Sed aliquam ultrices mauris.|fluxograma2|alguma empresa
Caixa 2|922577|Proin faucibus arcu quis ante.|fluxograma2|algum local
Caixa 4|755195|Sed aliquam ultrices mauris.|fluxograma2|alguma empresa
Caixa 3 caixa caixa caixa caixa|513055|Proin faucibus arcu quis ante.|fluxograma1|alguma empresa
Caixa 4|609559|Proin faucibus arcu quis ante.|fluxograma2|alguma empresa
Caixa 1|990231|Proin faucibus arcu quis ante.|fluxograma2|algum local
Caixa 4|966364|Duis arcu tortor, suscipit eget, imperdiet nec, imperdiet iaculis, ipsum.|fluxograma2|algum local
Caixa 1|921002|Sed aliquam ultrices mauris.|fluxograma2|alguma empresa
Caixa 5|496276|Proin faucibus arcu quis ante.|fluxograma1|alguma empresa
Caixa 4|593200|Sed aliquam ultrices mauris.|fluxograma2|alguma empresa
Caixa 1|950830|Duis arcu tortor, suscipit eget, imperdiet nec, imperdiet iaculis, ipsum.|fluxograma2|algum local
Caixa 1|898150|Proin faucibus arcu quis ante.|fluxograma1|alguma empresa
Caixa 1|932859|Duis arcu tortor, suscipit eget, imperdiet nec, imperdiet iaculis, ipsum.|fluxograma2|algum local
Caixa 3 caixa caixa caixa caixa|655392|Proin faucibus arcu quis ante.|fluxograma1|alguma empresa
Caixa 1|536439|Proin faucibus arcu quis ante.|fluxograma1|algum local
Caixa 3|148706|Sed aliquam ultrices mauris.|fluxograma2|alguma empresa
Caixa 3 caixa caixa caixa caixa|548806|Proin faucibus arcu quis ante.|fluxograma1|algum local
Caixa 7 com texto insanamente longo|436081|Duis arcu tortor, suscipit eget, imperdiet nec, imperdiet iaculis, ipsum.|fluxograma1|algum local
Caixa 4|513814|Duis arcu tortor, suscipit eget, imperdiet nec, imperdiet iaculis, ipsum.|fluxograma2|alguma empresa
Caixa 3|338347|Duis arcu tortor, suscipit eget, imperdiet nec, imperdiet iaculis, ipsum.|fluxograma2|algum local
Caixa 3|149267|Duis arcu tortor, suscipit eget, imperdiet nec, imperdiet iaculis, ipsum.|fluxograma2|alguma empresa
Caixa 3 caixa caixa caixa caixa|337795|Duis arcu tortor, suscipit eget, imperdiet nec, imperdiet iaculis, ipsum.|fluxograma1|alguma empresa
Caixa 1|522118|Sed aliquam ultrices mauris.|fluxograma1|algum local
Caixa 5|433731|Proin faucibus arcu quis ante.|fluxograma1|algum local
Caixa 1|328341|Proin faucibus arcu quis ante.|fluxograma2|alguma empresa
Caixa 5|271679|Duis arcu tortor, suscipit eget, imperdiet nec, imperdiet iaculis, ipsum.|fluxograma1|algum local
Caixa 3 caixa caixa caixa caixa|173602|Proin faucibus arcu quis ante.|fluxograma1|alguma empresa
Caixa 4|721840|Duis arcu tortor, suscipit eget, imperdiet nec, imperdiet iaculis, ipsum.|fluxograma2|algum local
Caixa 1|770228|Sed aliquam ultrices mauris.|fluxograma2|algum local
Caixa 1|523446|Sed aliquam ultrices mauris.|fluxograma2|algum local
Caixa 1|783926|Sed aliquam ultrices mauris.|fluxograma1|algum local
Caixa 1|905573|Proin faucibus arcu quis ante.|fluxograma2|alguma empresa
Caixa 5|501430|Proin faucibus arcu quis ante.|fluxograma1|algum local
Caixa 3|22412|Proin faucibus arcu quis ante.|fluxograma2|algum local
Caixa 1|348547|Proin faucibus arcu quis ante.|fluxograma2|alguma empresa
Caixa 1|569325|Proin faucibus arcu quis ante.|fluxograma2|alguma empresa
Caixa 5|521533|Duis arcu tortor, suscipit eget, imperdiet nec, imperdiet iaculis, ipsum.|fluxograma1|algum local
Caixa 2|716894|Proin faucibus arcu quis ante.|fluxograma2|alguma empresa
Caixa 2|190226|Proin faucibus arcu quis ante.|fluxograma1|alguma empresa
Caixa 1|976971|Sed aliquam ultrices mauris.|fluxograma1|alguma empresa
Caixa 2|602416|Sed aliquam ultrices mauris.|fluxograma2|alguma empresa
Caixa 7 com texto insanamente longo|960202|Proin faucibus arcu quis ante.|fluxograma1|algum local
Caixa 4|281570|Duis arcu tortor, suscipit eget, imperdiet nec, imperdiet iaculis, ipsum.|fluxograma2|alguma empresa
Caixa 2|708850|Proin faucibus arcu quis ante.|fluxograma1|alguma empresa
Caixa 4|313004|Proin faucibus arcu quis ante.|fluxograma2|algum local
Caixa 1|888275|Proin faucibus arcu quis ante.|fluxograma1|alguma empresa
Caixa 3|656320|Proin faucibus arcu quis ante.|fluxograma2|alguma empresa
Caixa 3|392376|Sed aliquam ultrices mauris.|fluxograma2|alguma empresa
Caixa 5|516483|Sed aliquam ultrices mauris.|fluxograma1|alguma empresa
Caixa 3|216015|Duis arcu tortor, suscipit eget, imperdiet nec, imperdiet iaculis, ipsum.|fluxograma2|alguma empresa
Caixa 3|495885|Sed aliquam ultrices mauris.|fluxograma2|alguma empresa
Caixa 1|749616|Proin faucibus arcu quis ante.|fluxograma2|algum local
Caixa 1|852905|Proin faucibus arcu quis ante.|fluxograma1|alguma empresa
Caixa 3 caixa caixa caixa caixa|701057|Sed aliquam ultrices mauris.|fluxograma1|algum local
Caixa 3|481707|Proin faucibus arcu quis ante.|fluxograma2|algum local
Caixa 4|522266|Proin faucibus arcu quis ante.|fluxograma2|algum local
Caixa 2|83365|Sed aliquam ultrices mauris.|fluxograma1|alguma empresa
Caixa 5|796245|Proin faucibus arcu quis ante.|fluxograma1|algum local
Caixa 4|676878|Duis arcu tortor, suscipit eget, imperdiet nec, imperdiet iaculis, ipsum.|fluxograma2|algum local
Caixa 7 com texto insanamente longo|570272|Sed aliquam ultrices mauris.|fluxograma1|alguma empresa
Caixa 3|969832|Sed aliquam ultrices mauris.|fluxograma2|alguma empresa
Caixa 5|981242|Proin faucibus arcu quis ante.|fluxograma1|algum local
Caixa 5|99547|Proin faucibus arcu quis ante.|fluxograma1|algum local
Caixa 3 caixa caixa caixa caixa|568105|Proin faucibus arcu quis ante.|fluxograma1|alguma empresa
Caixa 1|609809|Proin faucibus arcu quis ante.|fluxograma1|algum local
Caixa 7 com texto insanamente longo|142579|Duis arcu tortor, suscipit eget, imperdiet nec, imperdiet iaculis, ipsum.|fluxograma1|algum local
Caixa 1|390058|Proin faucibus arcu quis ante.|fluxograma2|algum local
Caixa 1|8096|Proin faucibus arcu quis ante.|fluxograma2|alguma empresa
Caixa 3|291531|Sed aliquam ultrices mauris.|fluxograma2|alguma empresa
Caixa 1|60110|Sed aliquam ultrices mauris.|fluxograma1|alguma empresa
Caixa 2|777797|Sed aliquam ultrices mauris.|fluxograma2|algum local
Caixa 1|399228|Duis arcu tortor, suscipit eget, imperdiet nec, imperdiet iaculis, ipsum.|fluxograma2|algum local
Caixa 3|263465|Sed aliquam ultrices mauris.|fluxograma2|algum local
Caixa 4|86829|Sed aliquam ultrices mauris.|fluxograma2|algum local
Caixa 3 caixa caixa caixa caixa|530506|Duis arcu tortor, suscipit eget, imperdiet nec, imperdiet iaculis, ipsum.|fluxograma1|alguma empresa
Caixa 3|616803|Proin faucibus arcu quis ante.|fluxograma2|alguma empresa
Caixa 3 caixa caixa caixa caixa|464662|Sed aliquam ultrices mauris.|fluxograma1|alguma empresa
Caixa 4|117801|Sed aliquam ultrices mauris.|fluxograma2|algum local
Caixa 3 caixa caixa caixa caixa|799987|Proin faucibus arcu quis ante.|fluxograma1|alguma empresa
Caixa 5|282334|Duis arcu tortor, suscipit eget, imperdiet nec, imperdiet iaculis, ipsum.|fluxograma1|alguma empresa
Caixa 1|373574|Sed aliquam ultrices mauris.|fluxograma1|algum local
Caixa 2|114894|Duis arcu tortor, suscipit eget, imperdiet nec, imperdiet iaculis, ipsum.|fluxograma2|alguma empresa
Caixa 1|378548|Duis arcu tortor, suscipit eget, imperdiet nec, imperdiet iaculis, ipsum.|fluxograma2|alguma empresa
Caixa 5|655312|Sed aliquam ultrices mauris.|fluxograma1|algum local
Caixa 3 caixa caixa caixa caixa|395474|Proin faucibus arcu quis ante.|fluxograma1|alguma empresa
Caixa 1|135733|Proin faucibus arcu quis ante.|fluxograma1|algum local
Caixa 3|755829|Sed aliquam ultrices mauris.|fluxograma2|algum local
Caixa 1|275211|Proin faucibus arcu quis ante.|fluxograma2|algum local
Caixa 2|223560|Proin faucibus arcu quis ante.|fluxograma2|algum local
Caixa 1|527177|Proin faucibus arcu quis ante.|fluxograma2|alguma empresa
Caixa 2|60051|Duis arcu tortor, suscipit eget, imperdiet nec, imperdiet iaculis, ipsum.|fluxograma2|alguma empresa
Caixa 2|187286|Duis arcu tortor, suscipit eget, imperdiet nec, imperdiet iaculis, ipsum.|fluxograma1|alguma empresa
Caixa 4|857522|Duis arcu tortor, suscipit eget, imperdiet nec, imperdiet iaculis, ipsum.|fluxograma2|alguma empresa
Caixa 7 com texto insanamente longo|246336|Proin faucibus arcu quis ante.|fluxograma1|alguma empresa
Caixa 7 com texto insanamente longo|236280|Sed aliquam ultrices mauris.|fluxograma1|algum local
Caixa 5|86939|Proin faucibus arcu quis ante.|fluxograma1|alguma empresa
Caixa 3|935312|Sed aliquam ultrices mauris.|fluxograma2|alguma empresa
Caixa 2|388448|Duis arcu tortor, suscipit eget, imperdiet nec, imperdiet iaculis, ipsum.|fluxograma1|algum local
Caixa 3|302374|Proin faucibus arcu quis ante.|fluxograma2|algum local
Caixa 7 com texto insanamente longo|325844|Proin faucibus arcu quis ante.|fluxograma1|alguma empresa
Caixa 3|783316|Sed aliquam ultrices mauris.|fluxograma2|alguma empresa
Caixa 5|791379|Proin faucibus arcu quis ante.|fluxograma1|algum local
Caixa 1|219584|Sed aliquam ultrices mauris.|fluxograma2|alguma empresa
Caixa 3 caixa caixa caixa caixa|939454|Sed aliquam ultrices mauris.|fluxograma1|algum local
Caixa 2|203825|Duis arcu tortor, suscipit eget, imperdiet nec, imperdiet iaculis, ipsum.|fluxograma2|alguma empresa
Caixa 2|333296|Duis arcu tortor, suscipit eget, imperdiet nec, imperdiet iaculis, ipsum.|fluxograma1|alguma empresa
Caixa 1|732247|Proin faucibus arcu quis ante.|fluxograma2|alguma empresa
Caixa 5|595153|Duis arcu tortor, suscipit eget, imperdiet nec, imperdiet iaculis, ipsum.|fluxograma1|alguma empresa
Caixa 4|911737|Proin faucibus arcu quis ante.|fluxograma2|alguma empresa
Caixa 1|892654|Proin faucibus arcu quis ante.|fluxograma1|alguma empresa
Caixa 2|739509|Duis arcu tortor, suscipit eget, imperdiet nec, imperdiet iaculis, ipsum.|fluxograma2|alguma empresa
Caixa 2|852585|Sed aliquam ultrices mauris.|fluxograma1|algum local
Caixa 2|109218|Duis arcu tortor, suscipit eget, imperdiet nec, imperdiet iaculis, ipsum.|fluxograma2|alguma empresa
Caixa 1|726522|Sed aliquam ultrices mauris.|fluxograma1|algum local
Caixa 1|789899|Proin faucibus arcu quis ante.|fluxograma2|alguma empresa
Caixa 7 com texto insanamente longo|171093|Duis arcu tortor, suscipit eget, imperdiet nec, imperdiet iaculis, ipsum.|fluxograma1|alguma empresa
Caixa 3 caixa caixa caixa caixa|617758|Proin faucibus arcu quis ante.|fluxograma1|alguma empresa
Caixa 2|29202|Duis arcu tortor, suscipit eget, imperdiet nec, imperdiet iaculis, ipsum.|fluxograma1|alguma empresa
Caixa 4|286483|Sed aliquam ultrices mauris.|fluxograma2|alguma empresa
Caixa 1|714853|Sed aliquam ultrices mauris.|fluxograma2|alguma empresa
Caixa 5|882672|Sed aliquam ultrices mauris.|fluxograma1|alguma empresa
Caixa 1|525785|Duis arcu tortor, suscipit eget, imperdiet nec, imperdiet iaculis, ipsum.|fluxograma1|algum local
Caixa 5|937310|Sed aliquam ultrices mauris.|fluxograma1|alguma empresa
Caixa 7 com texto insanamente longo|828829|Proin faucibus arcu quis ante.|fluxograma1|algum local
Caixa 7 com texto insanamente longo|33056|Duis arcu tortor, suscipit eget, imperdiet nec, imperdiet iaculis, ipsum.|fluxograma1|alguma empresa
Caixa 4|497445|Proin faucibus arcu quis ante.|fluxograma2|algum local
Caixa 5|961279|Duis arcu tortor, suscipit eget, imperdiet nec, imperdiet iaculis, ipsum.|fluxograma1|algum local
Caixa 1|531591|Sed aliquam ultrices mauris.|fluxograma1|alguma empresa
Caixa 1|80590|Proin faucibus arcu quis ante.|fluxograma2|algum local
Caixa 3 caixa caixa caixa caixa|715146|Proin faucibus arcu quis ante.|fluxograma1|algum local
Caixa 5|548388|Duis arcu tortor, suscipit eget, imperdiet nec, imperdiet iaculis, ipsum.|fluxograma1|algum local
Caixa 2|313003|Proin faucibus arcu quis ante.|fluxograma2|algum local
Caixa 3|466436|Duis arcu tortor, suscipit eget, imperdiet nec, imperdiet iaculis, ipsum.|fluxograma2|alguma empresa
Caixa 2|878653|Proin faucibus arcu quis ante.|fluxograma1|algum local
Caixa 2|312873|Sed aliquam ultrices mauris.|fluxograma1|alguma empresa
Caixa 1|356754|Proin faucibus arcu quis ante.|fluxograma2|alguma empresa
Caixa 7 com texto insanamente longo|138677|Sed aliquam ultrices mauris.|fluxograma1|algum local
Caixa 2|16726|Duis arcu tortor, suscipit eget, imperdiet nec, imperdiet iaculis, ipsum.|fluxograma1|alguma empresa
Caixa 2|623286|Duis arcu tortor, suscipit eget, imperdiet nec, imperdiet iaculis, ipsum.|fluxograma2|alguma empresa
Caixa 2|697375|Duis arcu tortor, suscipit eget, imperdiet nec, imperdiet iaculis, ipsum.|fluxograma2|algum local
Caixa 2|406585|Duis arcu tortor, suscipit eget, imperdiet nec, imperdiet iaculis, ipsum.|fluxograma1|alguma empresa
Caixa 1|392845|Sed aliquam ultrices mauris.|fluxograma2|algum local
Caixa 3 caixa caixa caixa caixa|380382|Duis arcu tortor, suscipit eget, imperdiet nec, imperdiet iaculis, ipsum.|fluxograma1|algum local
Caixa 2|371573|Sed aliquam ultrices mauris.|fluxograma2|alguma empresa
Caixa 2|316110|Proin faucibus arcu quis ante.|fluxograma1|algum local
Caixa 3|188550|Proin faucibus arcu quis ante.|fluxograma2|alguma empresa
Caixa 3 caixa caixa caixa caixa|577719|Proin faucibus arcu quis ante.|fluxograma1|alguma empresa
Caixa 1|518240|Duis arcu tortor, suscipit eget, imperdiet nec, imperdiet iaculis, ipsum.|fluxograma2|algum local
Caixa 1|506940|Sed aliquam ultrices mauris.|fluxograma2|alguma empresa
Caixa 3|533595|Duis arcu tortor, suscipit eget, imperdiet nec, imperdiet iaculis, ipsum.|fluxograma2|algum local
Caixa 3 caixa caixa caixa caixa|682937|Proin faucibus arcu quis ante.|fluxograma1|alguma empresa
Caixa 2|518839|Duis arcu tortor, suscipit eget, imperdiet nec, imperdiet iaculis, ipsum.|fluxograma2|alguma empresa
Caixa 3|356041|Proin faucibus arcu quis ante.|fluxograma2|algum local
Caixa 2|96097|Sed aliquam ultrices mauris.|fluxograma2|algum local
Caixa 2|57212|Sed aliquam ultrices mauris.|fluxograma2|algum local
Caixa 1|322505|Proin faucibus arcu quis ante.|fluxograma2|alguma empresa
Caixa 3|565980|Duis arcu tortor, suscipit eget, imperdiet nec, imperdiet iaculis, ipsum.|fluxograma2|alguma empresa
Caixa 5|167675|Sed aliquam ultrices mauris.|fluxograma1|algum local
Caixa 3 caixa caixa caixa caixa|883790|Sed aliquam ultrices mauris.|fluxograma1|algum local
Caixa 3 caixa caixa caixa caixa|413679|Duis arcu tortor, suscipit eget, imperdiet nec, imperdiet iaculis, ipsum.|fluxograma1|alguma empresa
Caixa 5|49858|Proin faucibus arcu quis ante.|fluxograma1|alguma empresa
Caixa 2|179891|Duis arcu tortor, suscipit eget, imperdiet nec, imperdiet iaculis, ipsum.|fluxograma1|alguma empresa
Caixa 4|548217|Proin faucibus arcu quis ante.|fluxograma2|algum local
Caixa 2|455897|Duis arcu tortor, suscipit eget, imperdiet nec, imperdiet iaculis, ipsum.|fluxograma1|algum local
Caixa 4|87569|Proin faucibus arcu quis ante.|fluxograma2|alguma empresa
Caixa 3|705123|Sed aliquam ultrices mauris.|fluxograma2|alguma empresa
Caixa 5|796530|Sed aliquam ultrices mauris.|fluxograma1|algum local
Caixa 3 caixa caixa caixa caixa|299850|Sed aliquam ultrices mauris.|fluxograma1|alguma empresa
Caixa 2|875757|Duis arcu tortor, suscipit eget, imperdiet nec, imperdiet iaculis, ipsum.|fluxograma2|alguma empresa
Caixa 1|283093|Duis arcu tortor, suscipit eget, imperdiet nec, imperdiet iaculis, ipsum.|fluxograma2|algum local
Caixa 2|76982|Proin faucibus arcu quis ante.|fluxograma2|alguma empresa
Caixa 4|581602|Sed aliquam ultrices mauris.|fluxograma2|alguma empresa
Caixa 2|384527|Sed aliquam ultrices mauris.|fluxograma2|alguma empresa
Caixa 2|118024|Duis arcu tortor, suscipit eget, imperdiet nec, imperdiet iaculis, ipsum.|fluxograma2|algum local
Caixa 1|225638|Proin faucibus arcu quis ante.|fluxograma1|algum local
Caixa 5|464193|Sed aliquam ultrices mauris.|fluxograma1|alguma empresa
Caixa 1|551626|Proin faucibus arcu quis ante.|fluxograma2|alguma empresa
Caixa 1|512932|Proin faucibus arcu quis ante.|fluxograma1|alguma empresa
Caixa 5|737293|Sed aliquam ultrices mauris.|fluxograma1|alguma empresa
Caixa 4|117260|Proin faucibus arcu quis ante.|fluxograma2|alguma empresa
Caixa 4|921370|Sed aliquam ultrices mauris.|fluxograma2|alguma empresa
Caixa 1|748516|Proin faucibus arcu quis ante.|fluxograma1|alguma empresa
Caixa 2|681375|Sed aliquam ultrices mauris.|fluxograma1|alguma empresa
Caixa 4|753499|Duis arcu tortor, suscipit eget, imperdiet nec, imperdiet iaculis, ipsum.|fluxograma2|algum local
Caixa 5|414399|Sed aliquam ultrices mauris.|fluxograma1|alguma empresa
Caixa 1|178574|Proin faucibus arcu quis ante.|fluxograma2|alguma empresa
Caixa 2|713057|Duis arcu tortor, suscipit eget, imperdiet nec, imperdiet iaculis, ipsum.|fluxograma1|algum local
Caixa 5|383263|Sed aliquam ultrices mauris.|fluxograma1|alguma empresa
Caixa 1|970839|Sed aliquam ultrices mauris.|fluxograma1|algum local
Caixa 1|154625|Sed aliquam ultrices mauris.|fluxograma1|algum local
Caixa 2|96355|Sed aliquam ultrices mauris.|fluxograma1|alguma empresa
Caixa 1|608506|Duis arcu tortor, suscipit eget, imperdiet nec, imperdiet iaculis, ipsum.|fluxograma1|alguma empresa
Caixa 1|829415|Sed aliquam ultrices mauris.|fluxograma1|alguma empresa
Caixa 2|117967|Proin faucibus arcu quis ante.|fluxograma2|alguma empresa
Caixa 3 caixa caixa caixa caixa|438801|Duis arcu tortor, suscipit eget, imperdiet nec, imperdiet iaculis, ipsum.|fluxograma1|algum local
Caixa 2|229547|Sed aliquam ultrices mauris.|fluxograma2|algum local
Caixa 1|289576|Duis arcu tortor, suscipit eget, imperdiet nec, imperdiet iaculis, ipsum.|fluxograma2|algum local
Caixa 2|760426|Sed aliquam ultrices mauris.|fluxograma1|alguma empresa
Caixa 4|132667|Proin faucibus arcu quis ante.|fluxograma2|algum local
Caixa 1|406013|Proin faucibus arcu quis ante.|fluxograma2|alguma empresa
Caixa 7 com texto insanamente longo|641426|Proin faucibus arcu quis ante.|fluxograma1|alguma empresa
Caixa 4|807322|Proin faucibus arcu quis ante.|fluxograma2|alguma empresa
Caixa 3 caixa caixa caixa caixa|666407|Sed aliquam ultrices mauris.|fluxograma1|algum local
Caixa 5|671116|Duis arcu tortor, suscipit eget, imperdiet nec, imperdiet iaculis, ipsum.|fluxograma1|algum local
Caixa 5|545836|Sed aliquam ultrices mauris.|fluxograma1|algum local
Caixa 2|714256|Proin faucibus arcu quis ante.|fluxograma2|algum local
Caixa 3|604968|Proin faucibus arcu quis ante.|fluxograma2|algum local
Caixa 7 com texto insanamente longo|478506|Duis arcu tortor, suscipit eget, imperdiet nec, imperdiet iaculis, ipsum.|fluxograma1|alguma empresa
Caixa 4|14490|Proin faucibus arcu quis ante.|fluxograma2|algum local
Caixa 1|388052|Sed aliquam ultrices mauris.|fluxograma2|algum local
Caixa 1|338720|Duis arcu tortor, suscipit eget, imperdiet nec, imperdiet iaculis, ipsum.|fluxograma1|alguma empresa
Caixa 2|643487|Sed aliquam ultrices mauris.|fluxograma1|algum local
Caixa 3|354783|Proin faucibus arcu quis ante.|fluxograma2|algum local
Caixa 1|990667|Sed aliquam ultrices mauris.|fluxograma2|alguma empresa
Caixa 5|640561|Sed aliquam ultrices mauris.|fluxograma1|alguma empresa
Caixa 3|782443|Proin faucibus arcu quis ante.|fluxograma2|alguma empresa
Caixa 5|756882|Proin faucibus arcu quis ante.|fluxograma1|algum local
Caixa 2|334324|Duis arcu tortor, suscipit eget, imperdiet nec, imperdiet iaculis, ipsum.|fluxograma2|alguma empresa
Caixa 2|84141|Proin faucibus arcu quis ante.|fluxograma2|alguma empresa
Caixa 1|87677|Duis arcu tortor, suscipit eget, imperdiet nec, imperdiet iaculis, ipsum.|fluxograma2|alguma empresa
Caixa 2|444865|Sed aliquam ultrices mauris.|fluxograma1|alguma empresa
Caixa 2|991592|Sed aliquam ultrices mauris.|fluxograma2|algum local
Caixa 3|220043|Sed aliquam ultrices mauris.|fluxograma2|algum local
Caixa 3 caixa caixa caixa caixa|263319|Sed aliquam ultrices mauris.|fluxograma1|algum local
Caixa 4|548120|Sed aliquam ultrices mauris.|fluxograma2|alguma empresa
Caixa 3|498740|Sed aliquam ultrices mauris.|fluxograma2|algum local
Caixa 4|678768|Sed aliquam ultrices mauris.|fluxograma2|algum local
Caixa 5|461377|Sed aliquam ultrices mauris.|fluxograma1|algum local
Caixa 5|364302|Sed aliquam ultrices mauris.|fluxograma1|alguma empresa
Caixa 3|564905|Sed aliquam ultrices mauris.|fluxograma2|algum local
Caixa 2|905608|Proin faucibus arcu quis ante.|fluxograma2|algum local
Caixa 7 com texto insanamente longo|298773|Duis arcu tortor, suscipit eget, imperdiet nec, imperdiet iaculis, ipsum.|fluxograma1|alguma empresa
Caixa 7 com texto insanamente longo|571023|Sed aliquam ultrices mauris.|fluxograma1|algum local
Caixa 5|932640|Sed aliquam ultrices mauris.|fluxograma1|alguma empresa
Caixa 3|335540|Sed aliquam ultrices mauris.|fluxograma2|alguma empresa
Caixa 5|35200|Sed aliquam ultrices mauris.|fluxograma1|alguma empresa
Caixa 2|261781|Sed aliquam ultrices mauris.|fluxograma2|alguma empresa
Caixa 4|791199|Duis arcu tortor, suscipit eget, imperdiet nec, imperdiet iaculis, ipsum.|fluxograma2|alguma empresa
Caixa 4|381166|Proin faucibus arcu quis ante.|fluxograma2|alguma empresa
Caixa 5|396430|Sed aliquam ultrices mauris.|fluxograma1|alguma empresa
Caixa 2|939101|Sed aliquam ultrices mauris.|fluxograma2|algum local
Caixa 2|346527|Sed aliquam ultrices mauris.|fluxograma2|alguma empresa
Caixa 2|218618|Sed aliquam ultrices mauris.|fluxograma1|alguma empresa
Caixa 3 caixa caixa caixa caixa|819602|Sed aliquam ultrices mauris.|fluxograma1|alguma empresa
Caixa 5|803869|Sed aliquam ultrices mauris.|fluxograma1|alguma empresa
Caixa 1|653401|Sed aliquam ultrices mauris.|fluxograma1|algum local
Caixa 7 com texto insanamente longo|865632|Proin faucibus arcu quis ante.|fluxograma1|algum local
Caixa 7 com texto insanamente longo|622353|Proin faucibus arcu quis ante.|fluxograma1|algum local
Caixa 2|326427|Proin faucibus arcu quis ante.|fluxograma1|alguma empresa
Caixa 2|973845|Proin faucibus arcu quis ante.|fluxograma1|alguma empresa
Caixa 3 caixa caixa caixa caixa|397926|Duis arcu tortor, suscipit eget, imperdiet nec, imperdiet iaculis, ipsum.|fluxograma1|alguma empresa
Caixa 7 com texto insanamente longo|505563|Proin faucibus arcu quis ante.|fluxograma1|algum local
Caixa 2|737662|Sed aliquam ultrices mauris.|fluxograma2|alguma empresa
Caixa 4|706395|Duis arcu tortor, suscipit eget, imperdiet nec, imperdiet iaculis, ipsum.|fluxograma2|algum local
Caixa 7 com texto insanamente longo|507941|Sed aliquam ultrices mauris.|fluxograma1|alguma empresa
Caixa 1|404423|Proin faucibus arcu quis ante.|fluxograma1|algum local
Caixa 5|960562|Sed aliquam ultrices mauris.|fluxograma1|alguma empresa
Caixa 2|855518|Proin faucibus arcu quis ante.|fluxograma1|alguma empresa
Caixa 3 caixa caixa caixa caixa|423539|Proin faucibus arcu quis ante.|fluxograma1|algum local
Caixa 1|117421|Sed aliquam ultrices mauris.|fluxograma2|alguma empresa
Caixa 1|727636|Duis arcu tortor, suscipit eget, imperdiet nec, imperdiet iaculis, ipsum.|fluxograma2|algum local
Caixa 1|130414|Duis arcu tortor, suscipit eget, imperdiet nec, imperdiet iaculis, ipsum.|fluxograma2|alguma empresa
Caixa 4|844203|Duis arcu tortor, suscipit eget, imperdiet nec, imperdiet iaculis, ipsum.|fluxograma2|alguma empresa
Caixa 4|756210|Proin faucibus arcu quis ante.|fluxograma2|alguma empresa
Caixa 5|843007|Sed aliquam ultrices mauris.|fluxograma1|alguma empresa
Caixa 3|881624|Proin faucibus arcu quis ante.|fluxograma2|algum local
Caixa 1|937944|Duis arcu tortor, suscipit eget, imperdiet nec, imperdiet iaculis, ipsum.|fluxograma2|algum local
Caixa 7 com texto insanamente longo|494197|Proin faucibus arcu quis ante.|fluxograma1|alguma empresa
Caixa 1|525697|Duis arcu tortor, suscipit eget, imperdiet nec, imperdiet iaculis, ipsum.|fluxograma1|alguma empresa
Caixa 3|607473|Proin faucibus arcu quis ante.|fluxograma2|algum local
Caixa 3|624097|Duis arcu tortor, suscipit eget, imperdiet nec, imperdiet iaculis, ipsum.|fluxograma2|alguma empresa
Caixa 2|895285|Proin faucibus arcu quis ante.|fluxograma2|alguma empresa
Caixa 4|897151|Proin faucibus arcu quis ante.|fluxograma2|alguma empresa
Caixa 4|774587|Proin faucibus arcu quis ante.|fluxograma2|algum local
Caixa 1|929856|Sed aliquam ultrices mauris.|fluxograma2|algum local
Caixa 1|279645|Duis arcu tortor, suscipit eget, imperdiet nec, imperdiet iaculis, ipsum.|fluxograma2|algum local
Caixa 2|171195|Proin faucibus arcu quis ante.|fluxograma1|alguma empresa
Caixa 3 caixa caixa caixa caixa|350189|Proin faucibus arcu quis ante.|fluxograma1|alguma empresa
Caixa 4|724269|Proin faucibus arcu quis ante.|fluxograma2|algum local
Caixa 7 com texto insanamente longo|834127|Duis arcu tortor, suscipit eget, imperdiet nec, imperdiet iaculis, ipsum.|fluxograma1|alguma empresa
Caixa 5|164429|Proin faucibus arcu quis ante.|fluxograma1|algum local
Caixa 3|982573|Proin faucibus arcu quis ante.|fluxograma2|alguma empresa
Caixa 3|902256|Proin faucibus arcu quis ante.|fluxograma2|alguma empresa
Caixa 4|689178|Proin faucibus arcu quis ante.|fluxograma2|alguma empresa
Caixa 4|185625|Duis arcu tortor, suscipit eget, imperdiet nec, imperdiet iaculis, ipsum.|fluxograma2|algum local
Caixa 1|817992|Duis arcu tortor, suscipit eget, imperdiet nec, imperdiet iaculis, ipsum.|fluxograma2|alguma empresa
Caixa 3|247699|Sed aliquam ultrices mauris.|fluxograma2|alguma empresa
Caixa 7 com texto insanamente longo|949612|Duis arcu tortor, suscipit eget, imperdiet nec, imperdiet iaculis, ipsum.|fluxograma1|alguma empresa
Caixa 2|751334|Sed aliquam ultrices mauris.|fluxograma2|algum local
Caixa 3 caixa caixa caixa caixa|127714|Proin faucibus arcu quis ante.|fluxograma1|algum local
Caixa 2|119529|Sed aliquam ultrices mauris.|fluxograma2|alguma empresa
Caixa 1|93193|Sed aliquam ultrices mauris.|fluxograma1|alguma empresa
Caixa 3 caixa caixa caixa caixa|422584|Sed aliquam ultrices mauris.|fluxograma1|alguma empresa
Caixa 7 com texto insanamente longo|567239|Proin faucibus arcu quis ante.|fluxograma1|algum local
Caixa 5|594555|Proin faucibus arcu quis ante.|fluxograma1|alguma empresa
Caixa 5|504562|Sed aliquam ultrices mauris.|fluxograma1|alguma empresa
Caixa 2|659357|Proin faucibus arcu quis ante.|fluxograma2|alguma empresa
Caixa 7 com texto insanamente longo|352126|Duis arcu tortor, suscipit eget, imperdiet nec, imperdiet iaculis, ipsum.|fluxograma1|alguma empresa
Caixa 4|816424|Sed aliquam ultrices mauris.|fluxograma2|algum local
Caixa 3 caixa caixa caixa caixa|863449|Proin faucibus arcu quis ante.|fluxograma1|algum local
Caixa 1|492820|Proin faucibus arcu quis ante.|fluxograma2|algum local
Caixa 4|307404|Duis arcu tortor, suscipit eget, imperdiet nec, imperdiet iaculis, ipsum.|fluxograma2|alguma empresa
Caixa 3|848518|Duis arcu tortor, suscipit eget, imperdiet nec, imperdiet iaculis, ipsum.|fluxograma2|algum local
Caixa 7 com texto insanamente longo|284581|Sed aliquam ultrices mauris.|fluxograma1|alguma empresa
Caixa 5|937748|Proin faucibus arcu quis ante.|fluxograma1|alguma empresa
Caixa 5|448682|Sed aliquam ultrices mauris.|fluxograma1|alguma empresa
Caixa 1|543094|Proin faucibus arcu quis ante.|fluxograma2|algum local
Caixa 4|799404|Duis arcu tortor, suscipit eget, imperdiet nec, imperdiet iaculis, ipsum.|fluxograma2|algum local
Caixa 2|404887|Sed aliquam ultrices mauris.|fluxograma1|alguma empresa
Caixa 1|679625|Sed aliquam ultrices mauris.|fluxograma2|algum local
Caixa 1|307121|Sed aliquam ultrices mauris.|fluxograma1|alguma empresa
Caixa 5|907244|Sed aliquam ultrices mauris.|fluxograma1|alguma empresa
Caixa 1|113029|Sed aliquam ultrices mauris.|fluxograma2|alguma empresa
Caixa 3|834471|Sed aliquam ultrices mauris.|fluxograma2|alguma empresa
Caixa 3|269881|Duis arcu tortor, suscipit eget, imperdiet nec, imperdiet iaculis, ipsum.|fluxograma2|alguma empresa
Caixa 4|125162|Sed aliquam ultrices mauris.|fluxograma2|alguma empresa
Caixa 7 com texto insanamente longo|614468|Duis arcu tortor, suscipit eget, imperdiet nec, imperdiet iaculis, ipsum.|fluxograma1|algum local
Caixa 2|182790|Proin faucibus arcu quis ante.|fluxograma2|algum local
Caixa 2|728400|Proin faucibus arcu quis ante.|fluxograma1|alguma empresa
Caixa 2|563946|Proin faucibus arcu quis ante.|fluxograma2|alguma empresa
Caixa 3|682939|Proin faucibus arcu quis ante.|fluxograma2|algum local
Caixa 3 caixa caixa caixa caixa|42193|Proin faucibus arcu quis ante.|fluxograma1|alguma empresa
Caixa 1|722494|Sed aliquam ultrices mauris.|fluxograma2|alguma empresa
Caixa 2|60176|Sed aliquam ultrices mauris.|fluxograma1|algum local
Caixa 1|47513|Duis arcu tortor, suscipit eget, imperdiet nec, imperdiet iaculis, ipsum.|fluxograma1|algum local
Caixa 4|838186|Sed aliquam ultrices mauris.|fluxograma2|algum local
Caixa 2|618105|Duis arcu tortor, suscipit eget, imperdiet nec, imperdiet iaculis, ipsum.|fluxograma2|algum local
Caixa 3 caixa caixa caixa caixa|586517|Proin faucibus arcu quis ante.|fluxograma1|alguma empresa
Caixa 2|84427|Sed aliquam ultrices mauris.|fluxograma1|algum local
Caixa 2|294941|Duis arcu tortor, suscipit eget, imperdiet nec, imperdiet iaculis, ipsum.|fluxograma2|alguma empresa
Caixa 2|481494|Proin faucibus arcu quis ante.|fluxograma2|algum local
Caixa 2|532584|Proin faucibus arcu quis ante.|fluxograma1|alguma empresa
Caixa 4|248382|Duis arcu tortor, suscipit eget, imperdiet nec, imperdiet iaculis, ipsum.|fluxograma2|alguma empresa
Caixa 4|285868|Proin faucibus arcu quis ante.|fluxograma2|alguma empresa
Caixa 3|413504|Sed aliquam ultrices mauris.|fluxograma2|algum local
Caixa 4|670408|Proin faucibus arcu quis ante.|fluxograma2|alguma empresa
Caixa 1|749001|Duis arcu tortor, suscipit eget, imperdiet nec, imperdiet iaculis, ipsum.|fluxograma1|algum local
Caixa 3|984740|Proin faucibus arcu quis ante.|fluxograma2|algum local
Caixa 3|55396|Sed aliquam ultrices mauris.|fluxograma2|algum local
Caixa 3|197481|Duis arcu tortor, suscipit eget, imperdiet nec, imperdiet iaculis, ipsum.|fluxograma2|alguma empresa
Caixa 3|123833|Proin faucibus arcu quis ante.|fluxograma2|alguma empresa
Caixa 5|531776|Proin faucibus arcu quis ante.|fluxograma1|algum local
Caixa 3 caixa caixa caixa caixa|114600|Duis arcu tortor, suscipit eget, imperdiet nec, imperdiet iaculis, ipsum.|fluxograma1|algum local
Caixa 4|326766|Proin faucibus arcu quis ante.|fluxograma2|alguma empresa
Caixa 5|11234|Proin faucibus arcu quis ante.|fluxograma1|algum local
Caixa 3|80041|Sed aliquam ultrices mauris.|fluxograma2|algum local
Caixa 5|236247|Proin faucibus arcu quis ante.|fluxograma1|alguma empresa
Caixa 2|943075|Duis arcu tortor, suscipit eget, imperdiet nec, imperdiet iaculis, ipsum.|fluxograma2|alguma empresa
Caixa 2|654450|Proin faucibus arcu quis ante.|fluxograma2|alguma empresa
Caixa 1|551738|Proin faucibus arcu quis ante.|fluxograma2|alguma empresa
Caixa 2|109043|Sed aliquam ultrices mauris.|fluxograma1|algum local
Caixa 1|6782|Proin faucibus arcu quis ante.|fluxograma2|algum local
Caixa 3 caixa caixa caixa caixa|884210|Proin faucibus arcu quis ante.|fluxograma1|algum local
Caixa 2|360597|Proin faucibus arcu quis ante.|fluxograma2|algum local
Caixa 2|490938|Duis arcu tortor, suscipit eget, imperdiet nec, imperdiet iaculis, ipsum.|fluxograma1|algum local
Caixa 2|542580|Sed aliquam ultrices mauris.|fluxograma1|alguma empresa
Caixa 3|65171|Proin faucibus arcu quis ante.|fluxograma2|alguma empresa
Caixa 2|457934|Duis arcu tortor, suscipit eget, imperdiet nec, imperdiet iaculis, ipsum.|fluxograma1|alguma empresa
Caixa 2|448034|Sed aliquam ultrices mauris.|fluxograma1|alguma empresa
Caixa 3|760825|Duis arcu tortor, suscipit eget, imperdiet nec, imperdiet iaculis, ipsum.|fluxograma2|algum local
Caixa 2|566860|Sed aliquam ultrices mauris.|fluxograma1|alguma empresa
Caixa 3 caixa caixa caixa caixa|555049|Proin faucibus arcu quis ante.|fluxograma1|algum local
Caixa 7 com texto insanamente longo|557169|Duis arcu tortor, suscipit eget, imperdiet nec, imperdiet iaculis, ipsum.|fluxograma1|alguma empresa
Caixa 5|873923|Sed aliquam ultrices mauris.|fluxograma1|algum local
Caixa 4|886362|Proin faucibus arcu quis ante.|fluxograma2|alguma empresa
Caixa 2|697660|Duis arcu tortor, suscipit eget, imperdiet nec, imperdiet iaculis, ipsum.|fluxograma2|alguma empresa
Caixa 4|260718|Proin faucibus arcu quis ante.|fluxograma2|algum local
Caixa 3|665925|Proin faucibus arcu quis ante.|fluxograma2|alguma empresa
Caixa 1|102529|Proin faucibus arcu quis ante.|fluxograma1|algum local
Caixa 3|544809|Proin faucibus arcu quis ante.|fluxograma2|algum local
Caixa 3 caixa caixa caixa caixa|144579|Proin faucibus arcu quis ante.|fluxograma1|algum local
Caixa 3|401258|Proin faucibus arcu quis ante.|fluxograma2|algum local
Caixa 4|678210|Proin faucibus arcu quis ante.|fluxograma2|algum local
Caixa 5|51141|Duis arcu tortor, suscipit eget, imperdiet nec, imperdiet iaculis, ipsum.|fluxograma1|algum local
Caixa 2|819344|Duis arcu tortor, suscipit eget, imperdiet nec, imperdiet iaculis, ipsum.|fluxograma2|alguma empresa
Caixa 1|31948|Proin faucibus arcu quis ante.|fluxograma2|algum local
Caixa 2|582245|Sed aliquam ultrices mauris.|fluxograma2|alguma empresa
Caixa 2|404895|Sed aliquam ultrices mauris.|fluxograma2|alguma empresa
Caixa 3|891297|Proin faucibus arcu quis ante.|fluxograma2|algum local
Caixa 3|986820|Duis arcu tortor, suscipit eget, imperdiet nec, imperdiet iaculis, ipsum.|fluxograma2|alguma empresa
Caixa 2|191254|Sed aliquam ultrices mauris.|fluxograma2|algum local
Caixa 2|626896|Duis arcu tortor, suscipit eget, imperdiet nec, imperdiet iaculis, ipsum.|fluxograma2|alguma empresa
Caixa 5|918105|Proin faucibus arcu quis ante.|fluxograma1|algum local
Caixa 3 caixa caixa caixa caixa|302841|Proin faucibus arcu quis ante.|fluxograma1|algum local
Caixa 2|242544|Sed aliquam ultrices mauris.|fluxograma2|algum local
Caixa 7 com texto insanamente longo|104636|Duis arcu tortor, suscipit eget, imperdiet nec, imperdiet iaculis, ipsum.|fluxograma1|algum local
Caixa 7 com texto insanamente longo|3115|Sed aliquam ultrices mauris.|fluxograma1|alguma empresa
Caixa 3|653551|Sed aliquam ultrices mauris.|fluxograma2|alguma empresa
Caixa 2|214706|Sed aliquam ultrices mauris.|fluxograma1|algum local
Caixa 7 com texto insanamente longo|351896|Sed aliquam ultrices mauris.|fluxograma1|algum local
Caixa 3 caixa caixa caixa caixa|275141|Sed aliquam ultrices mauris.|fluxograma1|algum local
Caixa 4|368367|Duis arcu tortor, suscipit eget, imperdiet nec, imperdiet iaculis, ipsum.|fluxograma2|algum local
Caixa 3|5089|Duis arcu tortor, suscipit eget, imperdiet nec, imperdiet iaculis, ipsum.|fluxograma2|alguma empresa
Caixa 5|886424|Duis arcu tortor, suscipit eget, imperdiet nec, imperdiet iaculis, ipsum.|fluxograma1|alguma empresa
Caixa 2|835630|Sed aliquam ultrices mauris.|fluxograma1|alguma empresa
Caixa 3|770699|Proin faucibus arcu quis ante.|fluxograma2|algum local
Caixa 1|119662|Duis arcu tortor, suscipit eget, imperdiet nec, imperdiet iaculis, ipsum.|fluxograma2|algum local
Caixa 7 com texto insanamente longo|487169|Proin faucibus arcu quis ante.|fluxograma1|algum local
Caixa 3 caixa caixa caixa caixa|718705|Sed aliquam ultrices mauris.|fluxograma1|algum local
Caixa 1|148604|Proin faucibus arcu quis ante.|fluxograma2|alguma empresa
Caixa 2|769116|Sed aliquam ultrices mauris.|fluxograma2|alguma empresa
Caixa 4|113862|Duis arcu tortor, suscipit eget, imperdiet nec, imperdiet iaculis, ipsum.|fluxograma2|algum local
Caixa 2|113440|Sed aliquam ultrices mauris.|fluxograma2|alguma empresa
Caixa 4|898372|Duis arcu tortor, suscipit eget, imperdiet nec, imperdiet iaculis, ipsum.|fluxograma2|algum local
Caixa 3 caixa caixa caixa caixa|948237|Duis arcu tortor, suscipit eget, imperdiet nec, imperdiet iaculis, ipsum.|fluxograma1|algum local
Caixa 4|882647|Sed aliquam ultrices mauris.|fluxograma2|alguma empresa
Caixa 1|139431|Duis arcu tortor, suscipit eget, imperdiet nec, imperdiet iaculis, ipsum.|fluxograma1|algum local
Caixa 2|260099|Duis arcu tortor, suscipit eget, imperdiet nec, imperdiet iaculis, ipsum.|fluxograma1|alguma empresa
Caixa 1|231452|Duis arcu tortor, suscipit eget, imperdiet nec, imperdiet iaculis, ipsum.|fluxograma1|alguma empresa
Caixa 7 com texto insanamente longo|708243|Duis arcu tortor, suscipit eget, imperdiet nec, imperdiet iaculis, ipsum.|fluxograma1|alguma empresa
Caixa 4|430733|Duis arcu tortor, suscipit eget, imperdiet nec, imperdiet iaculis, ipsum.|fluxograma2|alguma empresa
