Caixa 1|689853|Sed aliquam ultrices mauris.|fluxograma1|alguma empresa
Caixa 3 caixa caixa caixa caixa|395945|Proin faucibus arcu quis ante.|fluxograma1|alguma empresa
Caixa 7 com texto insanamente longo|196333|Proin faucibus arcu quis ante.|fluxograma1|alguma empresa
Caixa 3|941606|Duis arcu tortor, suscipit eget, imperdiet nec, imperdiet iaculis, ipsum.|fluxograma2|algum local
Caixa 4|828502|Proin faucibus arcu quis ante.|fluxograma2|alguma empresa
Caixa 1|640285|Proin faucibus arcu quis ante.|fluxograma1|algum local
Caixa 1|169116|Sed aliquam ultrices mauris.|fluxograma1|alguma empresa
Caixa 1|311968|Duis arcu tortor, suscipit eget, imperdiet nec, imperdiet iaculis, ipsum.|fluxograma1|algum local
Caixa 1|38237|Proin faucibus arcu quis ante.|fluxograma2|alguma empresa
Caixa 3|307686|Sed aliquam ultrices mauris.|fluxograma2|alguma empresa
Caixa 4|604641|Sed aliquam ultrices mauris.|fluxograma2|alguma empresa
Caixa 3|742256|Sed aliquam ultrices mauris.|fluxograma2|alguma empresa
Caixa 7 com texto insanamente longo|265821|Proin faucibus arcu quis ante.|fluxograma1|algum local
Caixa 2|776745|Duis arcu tortor, suscipit eget, imperdiet nec, imperdiet iaculis, ipsum.|fluxograma1|algum local
Caixa 7 com texto insanamente longo|35847|Duis arcu tortor, suscipit eget, imperdiet nec, imperdiet iaculis, ipsum.|fluxograma1|algum local
Caixa 2|102833|Sed aliquam ultrices mauris.|fluxograma1|algum local
Caixa 2|355152|Proin faucibus arcu quis ante.|fluxograma2|alguma empresa
Caixa 2|795463|Sed aliquam ultrices mauris.|fluxograma2|algum local
Caixa 7 com texto insanamente longo|143228|Proin faucibus arcu quis ante.|fluxograma1|algum local
Caixa 4|931349|Sed aliquam ultrices mauris.|fluxograma2|algum local
Caixa 5|139291|Proin faucibus arcu quis ante.|fluxograma1|alguma empresa
Caixa 3|50182|Duis arcu tortor, suscipit eget, imperdiet nec, imperdiet iaculis, ipsum.|fluxograma2|algum local
Caixa 2|37794|Proin faucibus arcu quis ante.|fluxograma1|alguma empresa
Caixa 7 com texto insanamente longo|746424|Duis arcu tortor, suscipit eget, imperdiet nec, imperdiet iaculis, ipsum.|fluxograma1|algum local
Caixa 1|614620|Sed aliquam ultrices mauris.|fluxograma1|alguma empresa
Caixa 1|75313|Sed aliquam ultrices mauris.|fluxograma1|algum local
Caixa 5|937670|Sed aliquam ultrices mauris.|fluxograma1|alguma empresa
Caixa 2|650380|Proin faucibus arcu quis ante.|fluxograma2|alguma empresa
Caixa 2|975574|Proin faucibus arcu quis ante.|fluxograma1|algum local
Caixa 2|296184|Sed aliquam ultrices mauris.|fluxograma2|algum local
Caixa 3|903483|Sed aliquam ultrices mauris.|fluxograma2|algum local
Caixa 3 caixa caixa caixa caixa|718442|Sed aliquam ultrices mauris.|fluxograma1|alguma empresa
Caixa 5|523400|Proin faucibus arcu quis ante.|fluxograma1|alguma empresa
Caixa 3|280806|Sed aliquam ultrices mauris.|fluxograma2|algum local
Caixa 2|152950|Proin faucibus arcu quis ante.|fluxograma2|alguma empresa
Caixa 5|887704|Proin faucibus arcu quis ante.|fluxograma1|algum local
Caixa 3 caixa caixa caixa caixa|761889|Proin faucibus arcu quis ante.|fluxograma1|alguma empresa
Caixa 7 com texto insanamente longo|168107|Duis arcu tortor, suscipit eget, imperdiet nec, imperdiet iaculis, ipsum.|fluxograma1|algum local
Caixa 1|657123|Duis arcu tortor, suscipit eget, imperdiet nec, imperdiet iaculis, ipsum.|fluxograma2|algum local
Caixa 4|820940|Sed aliquam ultrices mauris.|fluxograma2|algum local
Caixa 1|338744|Sed aliquam ultrices mauris.|fluxograma2|alguma empresa
Caixa 4|461660|Sed aliquam ultrices mauris.|fluxograma2|algum local
Caixa 3 caixa caixa caixa caixa|599728|Proin faucibus arcu quis ante.|fluxograma1|alguma empresa
Caixa 2|293384|Sed aliquam ultrices mauris.|fluxograma1|algum local
Caixa 3|381883|Sed aliquam ultrices mauris.|fluxograma2|alguma empresa
Caixa 3 caixa caixa caixa caixa|516790|Sed aliquam ultrices mauris.|fluxograma1|alguma empresa
Caixa 3 caixa caixa caixa caixa|207725|Duis arcu tortor, suscipit eget, imperdiet nec, imperdiet iaculis, ipsum.|fluxograma1|alguma empresa
Caixa 2|387960|Duis arcu tortor, suscipit eget, imperdiet nec, imperdiet iaculis, ipsum.|fluxograma1|alguma empresa
Caixa 2|441666|Duis arcu tortor, suscipit eget, imperdiet nec, imperdiet iaculis, ipsum.|fluxograma2|algum local
Caixa 1|593097|Duis arcu tortor, suscipit eget, imperdiet nec, imperdiet iaculis, ipsum.|fluxograma1|algum local
Caixa 3 caixa caixa caixa caixa|406020|Sed aliquam ultrices mauris.|fluxograma1|algum local
Caixa 5|789069|Duis arcu tortor, suscipit eget, imperdiet nec, imperdiet iaculis, ipsum.|fluxograma1|algum local
Caixa 4|957197|Sed aliquam ultrices mauris.|fluxograma2|algum local
Caixa 2|980802|Duis arcu tortor, suscipit eget, imperdiet nec, imperdiet iaculis, ipsum.|fluxograma2|alguma empresa
Caixa 3 caixa caixa caixa caixa|286527|Proin faucibus arcu quis ante.|fluxograma1|alguma empresa
Caixa 7 com texto insanamente longo|520302|Sed aliquam ultrices mauris.|fluxograma1|algum local
Caixa 1|118050|Sed aliquam ultrices mauris.|fluxograma1|alguma empresa
Caixa 3|517186|Sed aliquam ultrices mauris.|fluxograma2|algum local
Caixa 3|271513|Duis arcu tortor, suscipit eget, imperdiet nec, imperdiet iaculis, ipsum.|fluxograma2|alguma empresa
Caixa 3|383903|Duis arcu tortor, suscipit eget, imperdiet nec, imperdiet iaculis, ipsum.|fluxograma2|algum local
Caixa 3|722826|Sed aliquam ultrices mauris.|fluxograma2|alguma empresa
Caixa 3|448292|Proin faucibus arcu quis ante.|fluxograma2|algum local
Caixa 2|610281|Proin faucibus arcu quis ante.|fluxograma1|alguma empresa
Caixa 1|524558|Proin faucibus arcu quis ante.|fluxograma2|algum local
Caixa 2|221397|Duis arcu tortor, suscipit eget, imperdiet nec, imperdiet iaculis, ipsum.|fluxograma2|alguma empresa
Caixa 3|974545|Sed aliquam ultrices mauris.|fluxograma2|algum local
Caixa 4|863717|Duis arcu tortor, suscipit eget, imperdiet nec, imperdiet iaculis, ipsum.|fluxograma2|algum local
Caixa 3|152243|Proin faucibus arcu quis ante.|fluxograma2|algum local
Caixa 3|486551|Proin faucibus arcu quis ante.|fluxograma2|alguma empresa
Caixa 5|864068|Sed aliquam ultrices mauris.|fluxograma1|algum local
Caixa 3|222704|Sed aliquam ultrices mauris.|fluxograma2|alguma empresa
Caixa 3|116323|Proin faucibus arcu quis ante.|fluxograma2|algum local
Caixa 2|911046|Duis arcu tortor, suscipit eget, imperdiet nec, imperdiet iaculis, ipsum.|fluxograma2|alguma empresa
Caixa 4|990629|Sed aliquam ultrices mauris.|fluxograma2|algum local
Caixa 3 caixa caixa caixa caixa|408751|Proin faucibus arcu quis ante.|fluxograma1|alguma empresa
Caixa 5|808364|Proin faucibus arcu quis ante.|fluxograma1|alguma empresa
Caixa 2|441499|Sed aliquam ultrices mauris.|fluxograma2|algum local
Caixa 3|374782|Duis arcu tortor, suscipit eget, imperdiet nec, imperdiet iaculis, ipsum.|fluxograma2|alguma empresa
Caixa 7 com texto insanamente longo|644159|Duis arcu tortor, suscipit eget, imperdiet nec, imperdiet iaculis, ipsum.|fluxograma1|algum local
Caixa 1|261226|Duis arcu tortor, suscipit eget, imperdiet nec, imperdiet iaculis, ipsum.|fluxograma1|algum local
Caixa 1|920178|Proin faucibus arcu quis ante.|fluxograma1|algum local
Caixa 7 com texto insanamente longo|19858|Proin faucibus arcu quis ante.|fluxograma1|alguma empresa
Caixa 2|621075|Sed aliquam ultrices mauris.|fluxograma1|alguma empresa
Caixa 3|597587|Proin faucibus arcu quis ante.|fluxograma2|algum local
Caixa 3|751036|Proin faucibus arcu quis ante.|fluxograma2|algum local
Caixa 1|485584|Duis arcu tortor, suscipit eget, imperdiet nec, imperdiet iaculis, ipsum.|fluxograma1|algum local
Caixa 1|465010|Duis arcu tortor, suscipit eget, imperdiet nec, imperdiet iaculis, ipsum.|fluxograma2|alguma empresa
Caixa 1|882317|Sed aliquam ultrices mauris.|fluxograma1|algum local
Caixa 3|561916|Sed aliquam ultrices mauris.|fluxograma2|algum local
Caixa 5|451277|Proin faucibus arcu quis ante.|fluxograma1|alguma empresa
